{
	"map_x_size": 256,
	"map_y_size": 256,
	"points_of_interest":
	[
		{ "x": "66", "y": "5", "map_entity_spawn": "mining" },
		{ "x": "50", "y": "13", "map_entity_spawn": "mining" },
		{ "x": "66", "y": "15", "map_entity_spawn": "herbalism" },
		{ "x": "243", "y": "30", "entity": "underworld_shrine", "map_entity_spawn": "underworld_shrine" },
		{ "x": "62", "y": "33", "map_entity_spawn": "herbalism" },
		{ "x": "43", "y": "36", "map_entity_spawn": "herbalism" },
		{ "x": "243", "y": "36", "map_entity_spawn": "mining" },
		{ "x": "134", "y": "39", "entity": "fireplace", "map_entity_spawn": "fireplace" },
		{ "x": "73", "y": "40", "map_entity_spawn": "herbalism" },
		{ "x": "240", "y": "41", "entity": "default_chest", "map_entity_spawn": "default_chest" },
		{ "x": "26", "y": "43", "entity": "default_chest", "map_entity_spawn": "default_chest" },
		{ "x": "108", "y": "43", "map_entity_spawn": "mining" },
		{ "x": "233", "y": "43", "map_entity_spawn": "mining" },
		{ "x": "27", "y": "44", "entity": "holy_altar", "map_entity_spawn": "holy_altar" },
		{ "x": "94", "y": "44", "map_entity_spawn": "mining" },
		{ "x": "246", "y": "44", "map_entity_spawn": "herbalism" },
		{ "x": "110", "y": "45", "entity": "furnace", "map_entity_spawn": "furnace" },
		{ "x": "23", "y": "47", "map_entity_spawn": "herbalism" },
		{ "x": "114", "y": "47", "entity": "anvil", "map_entity_spawn": "anvil" },
		{ "x": "53", "y": "49", "map_entity_spawn": "herbalism" },
		{ "x": "121", "y": "49", "entity": "spirit_stone", "map_entity_spawn": "spirit_stone" },
		{ "x": "161", "y": "51", "entity": "default_chest", "map_entity_spawn": "default_chest" },
		{ "x": "91", "y": "52", "map_entity_spawn": "mining" },
		{ "x": "74", "y": "53", "map_entity_spawn": "herbalism" },
		{ "x": "104", "y": "53", "map_entity_spawn": "herbalism" },
		{ "x": "130", "y": "53", "map_entity_spawn": "herbalism" },
		{ "x": "241", "y": "55", "map_entity_spawn": "mining" },
		{ "x": "128", "y": "59", "map_entity_spawn": "mining" },
		{ "x": "42", "y": "60", "map_entity_spawn": "herbalism" },
		{ "x": "215", "y": "60", "map_entity_spawn": "mining" },
		{ "x": "154", "y": "61", "map_entity_spawn": "mining" },
		{ "x": "47", "y": "62", "entity": "fireplace", "map_entity_spawn": "fireplace" },
		{ "x": "136", "y": "62", "map_entity_spawn": "mining" },
		{ "x": "34", "y": "63", "map_entity_spawn": "herbalism" },
		{ "x": "52", "y": "65", "entity": "spirit_stone", "map_entity_spawn": "spirit_stone" },
		{ "x": "157", "y": "65", "map_entity_spawn": "herbalism" },
		{ "x": "224", "y": "66", "map_entity_spawn": "mining" },
		{ "x": "201", "y": "68", "map_entity_spawn": "mining" },
		{ "x": "195", "y": "69", "entity": "holy_altar", "map_entity_spawn": "holy_altar" },
		{ "x": "73", "y": "70", "map_entity_spawn": "herbalism" },
		{ "x": "234", "y": "72", "map_entity_spawn": "mining" },
		{ "x": "5", "y": "74", "entity": "underworld_shrine", "map_entity_spawn": "underworld_shrine" },
		{ "x": "16", "y": "74", "map_entity_spawn": "herbalism" },
		{ "x": "188", "y": "74", "map_entity_spawn": "mining" },
		{ "x": "196", "y": "75", "map_entity_spawn": "herbalism" },
		{ "x": "115", "y": "76", "map_entity_spawn": "mining" },
		{ "x": "235", "y": "77", "map_entity_spawn": "herbalism" },
		{ "x": "170", "y": "78", "entity": "fireplace", "map_entity_spawn": "fireplace" },
		{ "x": "167", "y": "79", "entity": "furnace", "map_entity_spawn": "furnace" },
		{ "x": "77", "y": "81", "map_entity_spawn": "herbalism" },
		{ "x": "127", "y": "81", "map_entity_spawn": "mining" },
		{ "x": "167", "y": "81", "entity": "anvil", "map_entity_spawn": "anvil" },
		{ "x": "205", "y": "81", "map_entity_spawn": "mining" },
		{ "x": "212", "y": "83", "map_entity_spawn": "mining" },
		{ "x": "26", "y": "84", "map_entity_spawn": "herbalism" },
		{ "x": "52", "y": "84", "map_entity_spawn": "herbalism" },
		{ "x": "103", "y": "84", "map_entity_spawn": "herbalism" },
		{ "x": "86", "y": "85", "map_entity_spawn": "herbalism" },
		{ "x": "139", "y": "87", "entity": "default_chest", "map_entity_spawn": "default_chest" },
		{ "x": "95", "y": "89", "entity": "underworld_shrine", "map_entity_spawn": "underworld_shrine" },
		{ "x": "179", "y": "90", "entity": "spirit_stone", "map_entity_spawn": "spirit_stone" },
		{ "x": "205", "y": "90", "map_entity_spawn": "mining" },
		{ "x": "216", "y": "90", "map_entity_spawn": "herbalism" },
		{ "x": "232", "y": "90", "map_entity_spawn": "mining" },
		{ "x": "66", "y": "94", "map_entity_spawn": "herbalism" },
		{ "x": "104", "y": "96", "map_entity_spawn": "herbalism" },
		{ "x": "188", "y": "97", "map_entity_spawn": "herbalism" },
		{ "x": "23", "y": "101", "map_entity_spawn": "herbalism" },
		{ "x": "159", "y": "101", "map_entity_spawn": "mining" },
		{ "x": "155", "y": "102", "entity": "bonfire", "map_entity_spawn": "bonfire" },
		{ "x": "131", "y": "104", "map_entity_spawn": "mining" },
		{ "x": "32", "y": "106", "map_entity_spawn": "herbalism" },
		{ "x": "201", "y": "106", "map_entity_spawn": "herbalism" },
		{ "x": "127", "y": "107", "entity": "bonfire", "map_entity_spawn": "bonfire" },
		{ "x": "8", "y": "109", "map_entity_spawn": "herbalism" },
		{ "x": "213", "y": "110", "map_entity_spawn": "herbalism" },
		{ "x": "159", "y": "112", "map_entity_spawn": "mining" },
		{ "x": "156", "y": "113", "map_entity_spawn": "herbalism" },
		{ "x": "185", "y": "113", "map_entity_spawn": "mining" },
		{ "x": "53", "y": "114", "map_entity_spawn": "herbalism" },
		{ "x": "94", "y": "115", "map_entity_spawn": "herbalism" },
		{ "x": "195", "y": "116", "map_entity_spawn": "herbalism" },
		{ "x": "188", "y": "117", "map_entity_spawn": "herbalism" },
		{ "x": "192", "y": "117", "entity": "fireplace", "map_entity_spawn": "fireplace" },
		{ "x": "55", "y": "118", "map_entity_spawn": "herbalism" },
		{ "x": "115", "y": "119", "map_entity_spawn": "herbalism" },
		{ "x": "8", "y": "120", "entity": "spirit_stone", "map_entity_spawn": "spirit_stone" },
		{ "x": "158", "y": "120", "entity": "bonfire", "map_entity_spawn": "bonfire" },
		{ "x": "206", "y": "121", "map_entity_spawn": "herbalism" },
		{ "x": "11", "y": "123", "map_entity_spawn": "herbalism" },
		{ "x": "47", "y": "124", "entity": "holy_altar", "map_entity_spawn": "holy_altar" },
		{ "x": "102", "y": "125", "map_entity_spawn": "mining" },
		{ "x": "92", "y": "127", "map_entity_spawn": "mining" },
		{ "x": "35", "y": "128", "map_entity_spawn": "herbalism" },
		{ "x": "164", "y": "129", "entity": "default_chest", "map_entity_spawn": "default_chest" },
		{ "x": "19", "y": "130", "map_entity_spawn": "herbalism" },
		{ "x": "76", "y": "130", "map_entity_spawn": "mining" },
		{ "x": "150", "y": "131", "entity": "bonfire", "map_entity_spawn": "bonfire" },
		{ "x": "166", "y": "131", "entity": "bonfire", "map_entity_spawn": "bonfire" },
		{ "x": "102", "y": "132", "map_entity_spawn": "herbalism" },
		{ "x": "220", "y": "134", "map_entity_spawn": "herbalism" },
		{ "x": "169", "y": "136", "map_entity_spawn": "herbalism" },
		{ "x": "45", "y": "137", "map_entity_spawn": "herbalism" },
		{ "x": "133", "y": "137", "map_entity_spawn": "herbalism" },
		{ "x": "57", "y": "138", "map_entity_spawn": "mining" },
		{ "x": "77", "y": "138", "entity": "default_chest", "map_entity_spawn": "default_chest" },
		{ "x": "113", "y": "139", "entity": "holy_altar", "map_entity_spawn": "holy_altar" },
		{ "x": "163", "y": "139", "map_entity_spawn": "herbalism" },
		{ "x": "79", "y": "140", "map_entity_spawn": "mining" },
		{ "x": "125", "y": "140", "map_entity_spawn": "mining" },
		{ "x": "81", "y": "142", "map_entity_spawn": "mining" },
		{ "x": "107", "y": "143", "entity": "fireplace", "map_entity_spawn": "fireplace" },
		{ "x": "180", "y": "144", "map_entity_spawn": "herbalism" },
		{ "x": "112", "y": "145", "map_entity_spawn": "herbalism" },
		{ "x": "144", "y": "145", "map_entity_spawn": "herbalism" },
		{ "x": "96", "y": "147", "map_entity_spawn": "mining" },
		{ "x": "137", "y": "147", "entity": "bonfire", "map_entity_spawn": "bonfire" },
		{ "x": "115", "y": "149", "map_entity_spawn": "mining" },
		{ "x": "21", "y": "150", "map_entity_spawn": "herbalism" },
		{ "x": "60", "y": "150", "map_entity_spawn": "herbalism" },
		{ "x": "103", "y": "150", "map_entity_spawn": "mining" },
		{ "x": "223", "y": "152", "entity": "fireplace", "map_entity_spawn": "fireplace" },
		{ "x": "83", "y": "153", "map_entity_spawn": "herbalism" },
		{ "x": "200", "y": "153", "map_entity_spawn": "herbalism" },
		{ "x": "171", "y": "155", "map_entity_spawn": "herbalism" },
		{ "x": "191", "y": "155", "map_entity_spawn": "herbalism" },
		{ "x": "82", "y": "157", "map_entity_spawn": "herbalism" },
		{ "x": "31", "y": "159", "map_entity_spawn": "herbalism" },
		{ "x": "149", "y": "160", "map_entity_spawn": "herbalism" },
		{ "x": "218", "y": "160", "map_entity_spawn": "herbalism" },
		{ "x": "88", "y": "161", "map_entity_spawn": "mining" },
		{ "x": "112", "y": "162", "map_entity_spawn": "herbalism" },
		{ "x": "130", "y": "162", "entity": "bonfire", "map_entity_spawn": "bonfire" },
		{ "x": "51", "y": "164", "map_entity_spawn": "herbalism" },
		{ "x": "173", "y": "164", "entity": "bonfire", "map_entity_spawn": "bonfire" },
		{ "x": "178", "y": "164", "map_entity_spawn": "herbalism" },
		{ "x": "88", "y": "165", "entity": "fireplace", "map_entity_spawn": "fireplace" },
		{ "x": "211", "y": "165", "entity": "spirit_stone", "map_entity_spawn": "spirit_stone" },
		{ "x": "118", "y": "166", "entity": "underworld_shrine", "map_entity_spawn": "underworld_shrine" },
		{ "x": "121", "y": "168", "map_entity_spawn": "herbalism" },
		{ "x": "174", "y": "171", "map_entity_spawn": "herbalism" },
		{ "x": "202", "y": "171", "map_entity_spawn": "herbalism" },
		{ "x": "189", "y": "172", "map_entity_spawn": "herbalism" },
		{ "x": "219", "y": "172", "entity": "bonfire", "map_entity_spawn": "bonfire" },
		{ "x": "88", "y": "173", "entity": "fireplace", "map_entity_spawn": "fireplace" },
		{ "x": "71", "y": "174", "entity": "furnace", "map_entity_spawn": "furnace" },
		{ "x": "31", "y": "175", "map_entity_spawn": "herbalism" },
		{ "x": "129", "y": "175", "entity": "bonfire", "map_entity_spawn": "bonfire" },
		{ "x": "140", "y": "175", "map_entity_spawn": "herbalism" },
		{ "x": "118", "y": "176", "map_entity_spawn": "herbalism" },
		{ "x": "81", "y": "177", "entity": "furnace", "map_entity_spawn": "furnace" },
		{ "x": "83", "y": "177", "entity": "anvil", "map_entity_spawn": "anvil" },
		{ "x": "93", "y": "177", "map_entity_spawn": "herbalism" },
		{ "x": "162", "y": "177", "map_entity_spawn": "herbalism" },
		{ "x": "179", "y": "178", "entity": "bonfire", "map_entity_spawn": "bonfire" },
		{ "x": "183", "y": "180", "map_entity_spawn": "herbalism" },
		{ "x": "251", "y": "180", "map_entity_spawn": "herbalism" },
		{ "x": "107", "y": "182", "map_entity_spawn": "herbalism" },
		{ "x": "251", "y": "183", "entity": "default_chest", "map_entity_spawn": "default_chest" },
		{ "x": "149", "y": "184", "map_entity_spawn": "herbalism" },
		{ "x": "88", "y": "185", "entity": "fireplace", "map_entity_spawn": "fireplace" },
		{ "x": "100", "y": "185", "map_entity_spawn": "herbalism" },
		{ "x": "220", "y": "185", "map_entity_spawn": "herbalism" },
		{ "x": "130", "y": "186", "map_entity_spawn": "herbalism" },
		{ "x": "170", "y": "187", "entity": "spirit_stone", "map_entity_spawn": "spirit_stone" },
		{ "x": "73", "y": "189", "entity": "spirit_stone", "map_entity_spawn": "spirit_stone" },
		{ "x": "79", "y": "189", "entity": "mailbox", "map_entity_spawn": "mailbox" },
		{ "x": "158", "y": "189", "entity": "fireplace", "map_entity_spawn": "fireplace" },
		{ "x": "85", "y": "190", "entity": "stash", "map_entity_spawn": "stash" },
		{ "x": "119", "y": "191", "map_entity_spawn": "herbalism" },
		{ "x": "21", "y": "192", "map_entity_spawn": "herbalism" },
		{ "x": "183", "y": "194", "map_entity_spawn": "herbalism" },
		{ "x": "50", "y": "195", "map_entity_spawn": "herbalism" },
		{ "x": "66", "y": "196", "map_entity_spawn": "herbalism" },
		{ "x": "53", "y": "198", "map_entity_spawn": "mining" },
		{ "x": "114", "y": "198", "entity": "bonfire", "map_entity_spawn": "bonfire" },
		{ "x": "143", "y": "201", "map_entity_spawn": "herbalism" },
		{ "x": "202", "y": "201", "map_entity_spawn": "herbalism" },
		{ "x": "217", "y": "201", "map_entity_spawn": "herbalism" },
		{ "x": "87", "y": "204", "map_entity_spawn": "mining" },
		{ "x": "181", "y": "204", "map_entity_spawn": "herbalism" },
		{ "x": "215", "y": "204", "map_entity_spawn": "herbalism" },
		{ "x": "117", "y": "207", "map_entity_spawn": "herbalism" },
		{ "x": "71", "y": "208", "map_entity_spawn": "herbalism" },
		{ "x": "38", "y": "210", "map_entity_spawn": "mining" },
		{ "x": "28", "y": "213", "map_entity_spawn": "mining" },
		{ "x": "80", "y": "213", "map_entity_spawn": "herbalism" },
		{ "x": "23", "y": "216", "map_entity_spawn": "herbalism" },
		{ "x": "59", "y": "216", "map_entity_spawn": "herbalism" },
		{ "x": "226", "y": "216", "entity": "holy_altar", "map_entity_spawn": "holy_altar" },
		{ "x": "179", "y": "218", "map_entity_spawn": "herbalism" },
		{ "x": "221", "y": "218", "map_entity_spawn": "herbalism" },
		{ "x": "35", "y": "219", "map_entity_spawn": "herbalism" },
		{ "x": "91", "y": "219", "map_entity_spawn": "herbalism" },
		{ "x": "158", "y": "219", "map_entity_spawn": "herbalism" },
		{ "x": "40", "y": "221", "map_entity_spawn": "mining" },
		{ "x": "111", "y": "221", "map_entity_spawn": "herbalism" },
		{ "x": "125", "y": "224", "map_entity_spawn": "herbalism" },
		{ "x": "60", "y": "226", "map_entity_spawn": "herbalism" },
		{ "x": "60", "y": "227", "entity": "fireplace", "map_entity_spawn": "fireplace" },
		{ "x": "80", "y": "228", "map_entity_spawn": "herbalism" },
		{ "x": "206", "y": "228", "map_entity_spawn": "herbalism" },
		{ "x": "28", "y": "230", "map_entity_spawn": "mining" },
		{ "x": "21", "y": "233", "map_entity_spawn": "herbalism" },
		{ "x": "120", "y": "236", "entity": "default_chest", "map_entity_spawn": "default_chest" },
		{ "x": "102", "y": "237", "map_entity_spawn": "herbalism" },
		{ "x": "96", "y": "238", "entity": "underworld_shrine", "map_entity_spawn": "underworld_shrine" },
		{ "x": "52", "y": "239", "map_entity_spawn": "herbalism" },
		{ "x": "122", "y": "239", "map_entity_spawn": "mining" },
		{ "x": "40", "y": "241", "map_entity_spawn": "herbalism" },
		{ "x": "84", "y": "241", "map_entity_spawn": "herbalism" },
		{ "x": "44", "y": "243", "entity": "default_chest", "map_entity_spawn": "default_chest" },
		{ "x": "20", "y": "244", "map_entity_spawn": "herbalism" },
		{ "x": "41", "y": "247", "map_entity_spawn": "herbalism" },
		{ "x": "70", "y": "248", "map_entity_spawn": "herbalism" },
		{ "x": "53", "y": "250", "map_entity_spawn": "herbalism" }
	]
}
