{
	"map_x_size": 192,
	"map_y_size": 192,
	"points_of_interest":
	[
		{ "x": "114", "y": "88", "entity": "fireplace", "map_entity_spawn": "fireplace" },
		{ "x": "100", "y": "91", "entity": "bonfire", "map_entity_spawn": "bonfire" },
		{ "x": "100", "y": "102", "entity": "bonfire", "map_entity_spawn": "bonfire" },
		{ "x": "110", "y": "106", "map_entity_spawn": "mining" },
		{ "x": "77", "y": "116", "entity": "fireplace", "map_entity_spawn": "fireplace" },
		{ "x": "71", "y": "121", "entity": "bonfire", "map_entity_spawn": "bonfire" },
		{ "x": "152", "y": "125", "map_entity_spawn": "mining" },
		{ "x": "147", "y": "129", "map_entity_spawn": "herbalism" },
		{ "x": "117", "y": "130", "map_entity_spawn": "mining" },
		{ "x": "128", "y": "134", "map_entity_spawn": "herbalism" },
		{ "x": "158", "y": "134", "entity": "underworld_shrine", "map_entity_spawn": "underworld_shrine" },
		{ "x": "113", "y": "140", "map_entity_spawn": "mining" },
		{ "x": "162", "y": "143", "map_entity_spawn": "herbalism" },
		{ "x": "100", "y": "146", "map_entity_spawn": "herbalism" },
		{ "x": "162", "y": "149", "entity": "fireplace", "map_entity_spawn": "fireplace" },
		{ "x": "61", "y": "150", "map_entity_spawn": "mining" },
		{ "x": "162", "y": "161", "map_entity_spawn": "mining" },
		{ "x": "114", "y": "170", "map_entity_spawn": "herbalism" },
		{ "x": "117", "y": "174", "entity": "holy_altar", "map_entity_spawn": "holy_altar" }
	]
}
