{
	"map_x_size": 1280,
	"map_y_size": 1280,
	"points_of_interest":
	[
		{ "x": "18", "y": "29", "entity": "default_chest", "map_entity_spawn": "default_chest" },
		{ "x": "199", "y": "40", "entity": "default_chest", "map_entity_spawn": "default_chest" },
		{ "x": "232", "y": "53", "map_entity_spawn": "herbalism" },
		{ "x": "269", "y": "62", "entity": "bonfire", "map_entity_spawn": "bonfire" },
		{ "x": "253", "y": "66", "map_entity_spawn": "herbalism" },
		{ "x": "467", "y": "66", "entity": "spirit_stone", "map_entity_spawn": "spirit_stone" },
		{ "x": "204", "y": "76", "map_entity_spawn": "herbalism" },
		{ "x": "446", "y": "76", "map_entity_spawn": "herbalism" },
		{ "x": "230", "y": "78", "entity": "underworld_shrine", "map_entity_spawn": "underworld_shrine" },
		{ "x": "461", "y": "88", "entity": "fireplace", "map_entity_spawn": "fireplace" },
		{ "x": "497", "y": "90", "map_entity_spawn": "herbalism" },
		{ "x": "238", "y": "95", "entity": "bonfire", "map_entity_spawn": "bonfire" },
		{ "x": "243", "y": "96", "map_entity_spawn": "mining" },
		{ "x": "285", "y": "100", "map_entity_spawn": "herbalism" },
		{ "x": "310", "y": "106", "map_entity_spawn": "herbalism" },
		{ "x": "426", "y": "106", "map_entity_spawn": "herbalism" },
		{ "x": "218", "y": "109", "map_entity_spawn": "mining" },
		{ "x": "227", "y": "110", "entity": "bonfire", "map_entity_spawn": "bonfire" },
		{ "x": "216", "y": "113", "entity": "bonfire", "map_entity_spawn": "bonfire" },
		{ "x": "182", "y": "114", "entity": "bonfire", "map_entity_spawn": "bonfire" },
		{ "x": "489", "y": "115", "map_entity_spawn": "herbalism" },
		{ "x": "48", "y": "116", "entity": "default_chest", "map_entity_spawn": "default_chest" },
		{ "x": "331", "y": "118", "entity": "fireplace", "map_entity_spawn": "fireplace" },
		{ "x": "179", "y": "119", "map_entity_spawn": "herbalism" },
		{ "x": "380", "y": "122", "map_entity_spawn": "mining" },
		{ "x": "53", "y": "127", "entity": "bonfire", "map_entity_spawn": "bonfire" },
		{ "x": "359", "y": "132", "map_entity_spawn": "herbalism" },
		{ "x": "369", "y": "132", "entity": "holy_altar", "map_entity_spawn": "holy_altar" },
		{ "x": "452", "y": "133", "entity": "holy_altar", "map_entity_spawn": "holy_altar" },
		{ "x": "404", "y": "136", "map_entity_spawn": "mining" },
		{ "x": "207", "y": "137", "entity": "bonfire", "map_entity_spawn": "bonfire" },
		{ "x": "469", "y": "144", "entity": "fireplace", "map_entity_spawn": "fireplace" },
		{ "x": "233", "y": "145", "map_entity_spawn": "herbalism" },
		{ "x": "220", "y": "146", "entity": "bonfire", "map_entity_spawn": "bonfire" },
		{ "x": "407", "y": "148", "map_entity_spawn": "mining" },
		{ "x": "204", "y": "150", "entity": "bonfire", "map_entity_spawn": "bonfire" },
		{ "x": "402", "y": "150", "entity": "default_chest", "map_entity_spawn": "default_chest" },
		{ "x": "217", "y": "155", "entity": "bonfire", "map_entity_spawn": "bonfire" },
		{ "x": "425", "y": "157", "map_entity_spawn": "mining" },
		{ "x": "462", "y": "157", "map_entity_spawn": "herbalism" },
		{ "x": "305", "y": "159", "map_entity_spawn": "herbalism" },
		{ "x": "370", "y": "160", "entity": "fireplace", "map_entity_spawn": "fireplace" },
		{ "x": "413", "y": "160", "map_entity_spawn": "mining" },
		{ "x": "533", "y": "162", "map_entity_spawn": "mining" },
		{ "x": "544", "y": "163", "entity": "default_chest", "map_entity_spawn": "default_chest" },
		{ "x": "239", "y": "167", "entity": "fireplace", "map_entity_spawn": "fireplace" },
		{ "x": "415", "y": "168", "map_entity_spawn": "mining" },
		{ "x": "497", "y": "169", "map_entity_spawn": "mining" },
		{ "x": "629", "y": "170", "map_entity_spawn": "herbalism" },
		{ "x": "358", "y": "171", "map_entity_spawn": "herbalism" },
		{ "x": "447", "y": "171", "entity": "bonfire", "map_entity_spawn": "bonfire" },
		{ "x": "324", "y": "173", "map_entity_spawn": "herbalism" },
		{ "x": "362", "y": "173", "map_entity_spawn": "mining" },
		{ "x": "404", "y": "173", "map_entity_spawn": "mining" },
		{ "x": "626", "y": "173", "entity": "fireplace", "map_entity_spawn": "fireplace" },
		{ "x": "454", "y": "176", "map_entity_spawn": "herbalism" },
		{ "x": "303", "y": "177", "map_entity_spawn": "herbalism" },
		{ "x": "477", "y": "179", "map_entity_spawn": "herbalism" },
		{ "x": "557", "y": "181", "map_entity_spawn": "mining" },
		{ "x": "337", "y": "185", "entity": "underworld_shrine", "map_entity_spawn": "underworld_shrine" },
		{ "x": "186", "y": "186", "entity": "underworld_shrine", "map_entity_spawn": "underworld_shrine" },
		{ "x": "524", "y": "186", "map_entity_spawn": "mining" },
		{ "x": "481", "y": "187", "map_entity_spawn": "herbalism" },
		{ "x": "571", "y": "188", "entity": "fireplace", "map_entity_spawn": "fireplace" },
		{ "x": "426", "y": "191", "map_entity_spawn": "herbalism" },
		{ "x": "335", "y": "193", "map_entity_spawn": "herbalism" },
		{ "x": "553", "y": "195", "entity": "fireplace", "map_entity_spawn": "fireplace" },
		{ "x": "242", "y": "196", "entity": "holy_altar", "map_entity_spawn": "holy_altar" },
		{ "x": "564", "y": "196", "entity": "fireplace", "map_entity_spawn": "fireplace" },
		{ "x": "437", "y": "197", "entity": "fireplace", "map_entity_spawn": "fireplace" },
		{ "x": "454", "y": "199", "map_entity_spawn": "herbalism" },
		{ "x": "647", "y": "199", "map_entity_spawn": "mining" },
		{ "x": "415", "y": "203", "entity": "fireplace", "map_entity_spawn": "fireplace" },
		{ "x": "558", "y": "205", "entity": "spirit_stone", "map_entity_spawn": "spirit_stone" },
		{ "x": "550", "y": "207", "entity": "fireplace", "map_entity_spawn": "fireplace" },
		{ "x": "549", "y": "208", "entity": "stash", "map_entity_spawn": "stash" },
		{ "x": "331", "y": "209", "entity": "bonfire", "map_entity_spawn": "bonfire" },
		{ "x": "484", "y": "209", "map_entity_spawn": "herbalism" },
		{ "x": "439", "y": "210", "entity": "fireplace", "map_entity_spawn": "fireplace" },
		{ "x": "614", "y": "211", "map_entity_spawn": "herbalism" },
		{ "x": "182", "y": "217", "entity": "fireplace", "map_entity_spawn": "fireplace" },
		{ "x": "592", "y": "218", "entity": "underworld_shrine", "map_entity_spawn": "underworld_shrine" },
		{ "x": "365", "y": "219", "entity": "fireplace", "map_entity_spawn": "fireplace" },
		{ "x": "631", "y": "220", "map_entity_spawn": "mining" },
		{ "x": "393", "y": "221", "map_entity_spawn": "mining" },
		{ "x": "492", "y": "222", "entity": "underworld_shrine", "map_entity_spawn": "underworld_shrine" },
		{ "x": "595", "y": "223", "map_entity_spawn": "herbalism" },
		{ "x": "451", "y": "225", "map_entity_spawn": "mining" },
		{ "x": "474", "y": "228", "map_entity_spawn": "herbalism" },
		{ "x": "352", "y": "233", "map_entity_spawn": "herbalism" },
		{ "x": "492", "y": "233", "map_entity_spawn": "herbalism" },
		{ "x": "456", "y": "234", "map_entity_spawn": "herbalism" },
		{ "x": "546", "y": "234", "entity": "holy_altar", "map_entity_spawn": "holy_altar" },
		{ "x": "383", "y": "235", "entity": "spirit_stone", "map_entity_spawn": "spirit_stone" },
		{ "x": "212", "y": "236", "entity": "fireplace", "map_entity_spawn": "fireplace" },
		{ "x": "323", "y": "238", "map_entity_spawn": "herbalism" },
		{ "x": "373", "y": "240", "entity": "bonfire", "map_entity_spawn": "bonfire" },
		{ "x": "462", "y": "240", "map_entity_spawn": "mining" },
		{ "x": "547", "y": "240", "map_entity_spawn": "herbalism" },
		{ "x": "493", "y": "241", "map_entity_spawn": "mining" },
		{ "x": "523", "y": "241", "map_entity_spawn": "herbalism" },
		{ "x": "628", "y": "241", "entity": "bonfire", "map_entity_spawn": "bonfire" },
		{ "x": "231", "y": "242", "entity": "fireplace", "map_entity_spawn": "fireplace" },
		{ "x": "145", "y": "245", "entity": "fireplace", "map_entity_spawn": "fireplace" },
		{ "x": "215", "y": "245", "entity": "stash", "map_entity_spawn": "stash" },
		{ "x": "222", "y": "245", "entity": "fireplace", "map_entity_spawn": "fireplace" },
		{ "x": "163", "y": "247", "entity": "fireplace", "map_entity_spawn": "fireplace" },
		{ "x": "199", "y": "247", "entity": "fireplace", "map_entity_spawn": "fireplace" },
		{ "x": "232", "y": "247", "entity": "fireplace", "map_entity_spawn": "fireplace" },
		{ "x": "632", "y": "248", "map_entity_spawn": "herbalism" },
		{ "x": "388", "y": "249", "entity": "holy_altar", "map_entity_spawn": "holy_altar" },
		{ "x": "278", "y": "250", "entity": "fireplace", "map_entity_spawn": "fireplace" },
		{ "x": "538", "y": "250", "map_entity_spawn": "herbalism" },
		{ "x": "218", "y": "252", "entity": "spirit_stone", "map_entity_spawn": "spirit_stone" },
		{ "x": "237", "y": "254", "entity": "mailbox", "map_entity_spawn": "mailbox" },
		{ "x": "447", "y": "257", "map_entity_spawn": "herbalism" },
		{ "x": "162", "y": "258", "entity": "fireplace", "map_entity_spawn": "fireplace" },
		{ "x": "180", "y": "258", "entity": "fireplace", "map_entity_spawn": "fireplace" },
		{ "x": "233", "y": "258", "entity": "fireplace", "map_entity_spawn": "fireplace" },
		{ "x": "373", "y": "259", "map_entity_spawn": "herbalism" },
		{ "x": "699", "y": "259", "map_entity_spawn": "herbalism" },
		{ "x": "394", "y": "261", "map_entity_spawn": "herbalism" },
		{ "x": "487", "y": "261", "map_entity_spawn": "herbalism" },
		{ "x": "557", "y": "261", "map_entity_spawn": "herbalism" },
		{ "x": "144", "y": "263", "entity": "furnace", "map_entity_spawn": "furnace" },
		{ "x": "146", "y": "263", "entity": "anvil", "map_entity_spawn": "anvil" },
		{ "x": "154", "y": "263", "entity": "fireplace", "map_entity_spawn": "fireplace" },
		{ "x": "192", "y": "264", "entity": "fireplace", "map_entity_spawn": "fireplace" },
		{ "x": "466", "y": "264", "map_entity_spawn": "herbalism" },
		{ "x": "585", "y": "264", "map_entity_spawn": "herbalism" },
		{ "x": "715", "y": "264", "map_entity_spawn": "herbalism" },
		{ "x": "597", "y": "265", "entity": "default_chest", "map_entity_spawn": "default_chest" },
		{ "x": "362", "y": "266", "map_entity_spawn": "mining" },
		{ "x": "356", "y": "268", "entity": "bonfire", "map_entity_spawn": "bonfire" },
		{ "x": "146", "y": "271", "entity": "fireplace", "map_entity_spawn": "fireplace" },
		{ "x": "155", "y": "271", "entity": "fireplace", "map_entity_spawn": "fireplace" },
		{ "x": "166", "y": "271", "entity": "fireplace", "map_entity_spawn": "fireplace" },
		{ "x": "177", "y": "271", "entity": "fireplace", "map_entity_spawn": "fireplace" },
		{ "x": "239", "y": "271", "entity": "holy_altar", "map_entity_spawn": "holy_altar" },
		{ "x": "260", "y": "272", "entity": "fireplace", "map_entity_spawn": "fireplace" },
		{ "x": "416", "y": "273", "map_entity_spawn": "mining" },
		{ "x": "454", "y": "273", "map_entity_spawn": "herbalism" },
		{ "x": "461", "y": "273", "map_entity_spawn": "herbalism" },
		{ "x": "358", "y": "274", "entity": "fireplace", "map_entity_spawn": "fireplace" },
		{ "x": "357", "y": "275", "entity": "default_chest", "map_entity_spawn": "default_chest" },
		{ "x": "561", "y": "275", "map_entity_spawn": "herbalism" },
		{ "x": "383", "y": "276", "map_entity_spawn": "mining" },
		{ "x": "276", "y": "277", "entity": "fireplace", "map_entity_spawn": "fireplace" },
		{ "x": "501", "y": "278", "map_entity_spawn": "mining" },
		{ "x": "232", "y": "279", "entity": "fireplace", "map_entity_spawn": "fireplace" },
		{ "x": "245", "y": "279", "entity": "fireplace", "map_entity_spawn": "fireplace" },
		{ "x": "151", "y": "280", "entity": "fireplace", "map_entity_spawn": "fireplace" },
		{ "x": "442", "y": "281", "map_entity_spawn": "mining" },
		{ "x": "675", "y": "281", "map_entity_spawn": "herbalism" },
		{ "x": "238", "y": "282", "entity": "fireplace", "map_entity_spawn": "fireplace" },
		{ "x": "428", "y": "282", "map_entity_spawn": "mining" },
		{ "x": "260", "y": "283", "entity": "fireplace", "map_entity_spawn": "fireplace" },
		{ "x": "608", "y": "283", "entity": "underworld_shrine", "map_entity_spawn": "underworld_shrine" },
		{ "x": "522", "y": "284", "map_entity_spawn": "herbalism" },
		{ "x": "667", "y": "284", "entity": "holy_altar", "map_entity_spawn": "holy_altar" },
		{ "x": "196", "y": "286", "entity": "fireplace", "map_entity_spawn": "fireplace" },
		{ "x": "630", "y": "286", "map_entity_spawn": "herbalism" },
		{ "x": "142", "y": "288", "entity": "fireplace", "map_entity_spawn": "fireplace" },
		{ "x": "577", "y": "289", "map_entity_spawn": "herbalism" },
		{ "x": "649", "y": "290", "map_entity_spawn": "herbalism" },
		{ "x": "721", "y": "290", "map_entity_spawn": "mining" },
		{ "x": "736", "y": "290", "map_entity_spawn": "mining" },
		{ "x": "761", "y": "290", "map_entity_spawn": "mining" },
		{ "x": "298", "y": "291", "map_entity_spawn": "herbalism" },
		{ "x": "663", "y": "292", "map_entity_spawn": "herbalism" },
		{ "x": "214", "y": "293", "entity": "fireplace", "map_entity_spawn": "fireplace" },
		{ "x": "249", "y": "293", "entity": "fireplace", "map_entity_spawn": "fireplace" },
		{ "x": "258", "y": "293", "entity": "fireplace", "map_entity_spawn": "fireplace" },
		{ "x": "270", "y": "294", "entity": "fireplace", "map_entity_spawn": "fireplace" },
		{ "x": "505", "y": "295", "entity": "fireplace", "map_entity_spawn": "fireplace" },
		{ "x": "563", "y": "295", "map_entity_spawn": "herbalism" },
		{ "x": "280", "y": "297", "entity": "fireplace", "map_entity_spawn": "fireplace" },
		{ "x": "206", "y": "298", "entity": "fireplace", "map_entity_spawn": "fireplace" },
		{ "x": "450", "y": "299", "map_entity_spawn": "mining" },
		{ "x": "497", "y": "301", "map_entity_spawn": "herbalism" },
		{ "x": "877", "y": "301", "map_entity_spawn": "herbalism" },
		{ "x": "433", "y": "302", "map_entity_spawn": "mining" },
		{ "x": "495", "y": "302", "entity": "fireplace", "map_entity_spawn": "fireplace" },
		{ "x": "553", "y": "302", "entity": "bonfire", "map_entity_spawn": "bonfire" },
		{ "x": "557", "y": "302", "map_entity_spawn": "herbalism" },
		{ "x": "474", "y": "303", "map_entity_spawn": "mining" },
		{ "x": "311", "y": "305", "map_entity_spawn": "herbalism" },
		{ "x": "209", "y": "306", "entity": "fireplace", "map_entity_spawn": "fireplace" },
		{ "x": "218", "y": "306", "entity": "fireplace", "map_entity_spawn": "fireplace" },
		{ "x": "227", "y": "306", "entity": "fireplace", "map_entity_spawn": "fireplace" },
		{ "x": "420", "y": "309", "map_entity_spawn": "mining" },
		{ "x": "319", "y": "310", "entity": "fireplace", "map_entity_spawn": "fireplace" },
		{ "x": "479", "y": "312", "map_entity_spawn": "herbalism" },
		{ "x": "415", "y": "313", "entity": "default_chest", "map_entity_spawn": "default_chest" },
		{ "x": "493", "y": "314", "map_entity_spawn": "herbalism" },
		{ "x": "610", "y": "315", "entity": "spirit_stone", "map_entity_spawn": "spirit_stone" },
		{ "x": "203", "y": "320", "entity": "fireplace", "map_entity_spawn": "fireplace" },
		{ "x": "729", "y": "320", "map_entity_spawn": "herbalism" },
		{ "x": "296", "y": "321", "entity": "fireplace", "map_entity_spawn": "fireplace" },
		{ "x": "767", "y": "322", "entity": "underworld_shrine", "map_entity_spawn": "underworld_shrine" },
		{ "x": "441", "y": "323", "map_entity_spawn": "mining" },
		{ "x": "745", "y": "323", "entity": "spirit_stone", "map_entity_spawn": "spirit_stone" },
		{ "x": "700", "y": "325", "map_entity_spawn": "herbalism" },
		{ "x": "289", "y": "327", "entity": "fireplace", "map_entity_spawn": "fireplace" },
		{ "x": "677", "y": "328", "entity": "bonfire", "map_entity_spawn": "bonfire" },
		{ "x": "300", "y": "331", "entity": "fireplace", "map_entity_spawn": "fireplace" },
		{ "x": "511", "y": "331", "map_entity_spawn": "herbalism" },
		{ "x": "733", "y": "331", "map_entity_spawn": "herbalism" },
		{ "x": "537", "y": "333", "map_entity_spawn": "herbalism" },
		{ "x": "427", "y": "334", "map_entity_spawn": "herbalism" },
		{ "x": "288", "y": "336", "entity": "fireplace", "map_entity_spawn": "fireplace" },
		{ "x": "328", "y": "336", "entity": "bonfire", "map_entity_spawn": "bonfire" },
		{ "x": "412", "y": "336", "entity": "fireplace", "map_entity_spawn": "fireplace" },
		{ "x": "438", "y": "336", "map_entity_spawn": "herbalism" },
		{ "x": "752", "y": "336", "map_entity_spawn": "herbalism" },
		{ "x": "481", "y": "338", "map_entity_spawn": "herbalism" },
		{ "x": "610", "y": "338", "entity": "default_chest", "map_entity_spawn": "default_chest" },
		{ "x": "614", "y": "338", "map_entity_spawn": "herbalism" },
		{ "x": "221", "y": "339", "map_entity_spawn": "herbalism" },
		{ "x": "415", "y": "340", "entity": "fireplace", "map_entity_spawn": "fireplace" },
		{ "x": "810", "y": "340", "map_entity_spawn": "herbalism" },
		{ "x": "415", "y": "341", "entity": "stash", "map_entity_spawn": "stash" },
		{ "x": "681", "y": "341", "map_entity_spawn": "herbalism" },
		{ "x": "787", "y": "342", "map_entity_spawn": "mining" },
		{ "x": "865", "y": "342", "map_entity_spawn": "mining" },
		{ "x": "216", "y": "346", "entity": "fireplace", "map_entity_spawn": "fireplace" },
		{ "x": "248", "y": "346", "map_entity_spawn": "herbalism" },
		{ "x": "398", "y": "346", "entity": "fireplace", "map_entity_spawn": "fireplace" },
		{ "x": "164", "y": "347", "map_entity_spawn": "herbalism" },
		{ "x": "419", "y": "347", "entity": "fireplace", "map_entity_spawn": "fireplace" },
		{ "x": "342", "y": "349", "map_entity_spawn": "mining" },
		{ "x": "411", "y": "349", "entity": "fireplace", "map_entity_spawn": "fireplace" },
		{ "x": "535", "y": "351", "map_entity_spawn": "herbalism" },
		{ "x": "576", "y": "351", "entity": "bonfire", "map_entity_spawn": "bonfire" },
		{ "x": "267", "y": "352", "map_entity_spawn": "herbalism" },
		{ "x": "322", "y": "352", "map_entity_spawn": "herbalism" },
		{ "x": "405", "y": "353", "entity": "spirit_stone", "map_entity_spawn": "spirit_stone" },
		{ "x": "733", "y": "356", "map_entity_spawn": "herbalism" },
		{ "x": "178", "y": "357", "entity": "fireplace", "map_entity_spawn": "fireplace" },
		{ "x": "484", "y": "359", "map_entity_spawn": "herbalism" },
		{ "x": "713", "y": "359", "map_entity_spawn": "herbalism" },
		{ "x": "952", "y": "359", "map_entity_spawn": "mining" },
		{ "x": "700", "y": "360", "map_entity_spawn": "herbalism" },
		{ "x": "472", "y": "361", "map_entity_spawn": "herbalism" },
		{ "x": "623", "y": "361", "map_entity_spawn": "herbalism" },
		{ "x": "732", "y": "361", "map_entity_spawn": "mining" },
		{ "x": "395", "y": "364", "entity": "underworld_shrine", "map_entity_spawn": "underworld_shrine" },
		{ "x": "307", "y": "365", "map_entity_spawn": "herbalism" },
		{ "x": "550", "y": "366", "entity": "default_chest", "map_entity_spawn": "default_chest" },
		{ "x": "484", "y": "367", "map_entity_spawn": "herbalism" },
		{ "x": "511", "y": "368", "map_entity_spawn": "herbalism" },
		{ "x": "200", "y": "369", "map_entity_spawn": "herbalism" },
		{ "x": "282", "y": "369", "map_entity_spawn": "herbalism" },
		{ "x": "342", "y": "369", "map_entity_spawn": "mining" },
		{ "x": "601", "y": "369", "map_entity_spawn": "herbalism" },
		{ "x": "741", "y": "369", "map_entity_spawn": "mining" },
		{ "x": "208", "y": "370", "entity": "holy_altar", "map_entity_spawn": "holy_altar" },
		{ "x": "637", "y": "370", "map_entity_spawn": "herbalism" },
		{ "x": "795", "y": "371", "entity": "spirit_stone", "map_entity_spawn": "spirit_stone" },
		{ "x": "395", "y": "372", "map_entity_spawn": "herbalism" },
		{ "x": "158", "y": "373", "map_entity_spawn": "herbalism" },
		{ "x": "775", "y": "373", "entity": "default_chest", "map_entity_spawn": "default_chest" },
		{ "x": "759", "y": "374", "map_entity_spawn": "mining" },
		{ "x": "789", "y": "374", "entity": "bonfire", "map_entity_spawn": "bonfire" },
		{ "x": "471", "y": "375", "map_entity_spawn": "herbalism" },
		{ "x": "823", "y": "376", "map_entity_spawn": "herbalism" },
		{ "x": "720", "y": "377", "entity": "fireplace", "map_entity_spawn": "fireplace" },
		{ "x": "733", "y": "377", "entity": "underworld_shrine", "map_entity_spawn": "underworld_shrine" },
		{ "x": "328", "y": "378", "map_entity_spawn": "herbalism" },
		{ "x": "693", "y": "378", "map_entity_spawn": "herbalism" },
		{ "x": "304", "y": "383", "entity": "fireplace", "map_entity_spawn": "fireplace" },
		{ "x": "970", "y": "383", "entity": "default_chest", "map_entity_spawn": "default_chest" },
		{ "x": "480", "y": "385", "entity": "holy_altar", "map_entity_spawn": "holy_altar" },
		{ "x": "384", "y": "386", "map_entity_spawn": "herbalism" },
		{ "x": "552", "y": "386", "map_entity_spawn": "herbalism" },
		{ "x": "483", "y": "387", "map_entity_spawn": "herbalism" },
		{ "x": "173", "y": "388", "map_entity_spawn": "herbalism" },
		{ "x": "641", "y": "388", "map_entity_spawn": "herbalism" },
		{ "x": "968", "y": "388", "map_entity_spawn": "mining" },
		{ "x": "670", "y": "393", "map_entity_spawn": "herbalism" },
		{ "x": "622", "y": "394", "map_entity_spawn": "herbalism" },
		{ "x": "212", "y": "396", "map_entity_spawn": "herbalism" },
		{ "x": "271", "y": "396", "map_entity_spawn": "herbalism" },
		{ "x": "319", "y": "396", "entity": "underworld_shrine", "map_entity_spawn": "underworld_shrine" },
		{ "x": "416", "y": "396", "map_entity_spawn": "herbalism" },
		{ "x": "161", "y": "397", "entity": "fireplace", "map_entity_spawn": "fireplace" },
		{ "x": "518", "y": "399", "map_entity_spawn": "herbalism" },
		{ "x": "749", "y": "400", "map_entity_spawn": "mining" },
		{ "x": "695", "y": "404", "map_entity_spawn": "herbalism" },
		{ "x": "918", "y": "404", "map_entity_spawn": "herbalism" },
		{ "x": "720", "y": "407", "map_entity_spawn": "herbalism" },
		{ "x": "240", "y": "408", "entity": "fireplace", "map_entity_spawn": "fireplace" },
		{ "x": "929", "y": "408", "map_entity_spawn": "mining" },
		{ "x": "904", "y": "409", "map_entity_spawn": "herbalism" },
		{ "x": "449", "y": "410", "entity": "bonfire", "map_entity_spawn": "bonfire" },
		{ "x": "739", "y": "410", "map_entity_spawn": "herbalism" },
		{ "x": "168", "y": "411", "map_entity_spawn": "herbalism" },
		{ "x": "262", "y": "412", "map_entity_spawn": "mining" },
		{ "x": "432", "y": "412", "entity": "bonfire", "map_entity_spawn": "bonfire" },
		{ "x": "463", "y": "412", "map_entity_spawn": "herbalism" },
		{ "x": "225", "y": "413", "entity": "fireplace", "map_entity_spawn": "fireplace" },
		{ "x": "235", "y": "414", "entity": "spirit_stone", "map_entity_spawn": "spirit_stone" },
		{ "x": "704", "y": "417", "map_entity_spawn": "herbalism" },
		{ "x": "553", "y": "418", "map_entity_spawn": "herbalism" },
		{ "x": "742", "y": "418", "entity": "holy_altar", "map_entity_spawn": "holy_altar" },
		{ "x": "529", "y": "419", "entity": "fireplace", "map_entity_spawn": "fireplace" },
		{ "x": "189", "y": "420", "map_entity_spawn": "herbalism" },
		{ "x": "728", "y": "421", "map_entity_spawn": "herbalism" },
		{ "x": "413", "y": "423", "entity": "holy_altar", "map_entity_spawn": "holy_altar" },
		{ "x": "542", "y": "423", "entity": "fireplace", "map_entity_spawn": "fireplace" },
		{ "x": "572", "y": "423", "entity": "underworld_shrine", "map_entity_spawn": "underworld_shrine" },
		{ "x": "521", "y": "424", "entity": "fireplace", "map_entity_spawn": "fireplace" },
		{ "x": "268", "y": "425", "map_entity_spawn": "mining" },
		{ "x": "481", "y": "425", "map_entity_spawn": "herbalism" },
		{ "x": "499", "y": "426", "map_entity_spawn": "herbalism" },
		{ "x": "302", "y": "428", "map_entity_spawn": "herbalism" },
		{ "x": "573", "y": "428", "map_entity_spawn": "herbalism" },
		{ "x": "591", "y": "428", "map_entity_spawn": "herbalism" },
		{ "x": "683", "y": "429", "map_entity_spawn": "mining" },
		{ "x": "317", "y": "430", "map_entity_spawn": "mining" },
		{ "x": "616", "y": "430", "entity": "fireplace", "map_entity_spawn": "fireplace" },
		{ "x": "659", "y": "430", "map_entity_spawn": "mining" },
		{ "x": "340", "y": "433", "map_entity_spawn": "mining" },
		{ "x": "349", "y": "435", "map_entity_spawn": "mining" },
		{ "x": "471", "y": "435", "map_entity_spawn": "mining" },
		{ "x": "770", "y": "435", "entity": "bonfire", "map_entity_spawn": "bonfire" },
		{ "x": "500", "y": "437", "entity": "fireplace", "map_entity_spawn": "fireplace" },
		{ "x": "705", "y": "438", "map_entity_spawn": "mining" },
		{ "x": "552", "y": "439", "map_entity_spawn": "herbalism" },
		{ "x": "677", "y": "441", "map_entity_spawn": "mining" },
		{ "x": "265", "y": "444", "entity": "fireplace", "map_entity_spawn": "fireplace" },
		{ "x": "285", "y": "444", "map_entity_spawn": "herbalism" },
		{ "x": "232", "y": "446", "map_entity_spawn": "herbalism" },
		{ "x": "843", "y": "448", "map_entity_spawn": "herbalism" },
		{ "x": "222", "y": "451", "map_entity_spawn": "mining" },
		{ "x": "621", "y": "451", "map_entity_spawn": "mining" },
		{ "x": "453", "y": "453", "map_entity_spawn": "herbalism" },
		{ "x": "807", "y": "453", "entity": "bonfire", "map_entity_spawn": "bonfire" },
		{ "x": "956", "y": "453", "map_entity_spawn": "herbalism" },
		{ "x": "486", "y": "455", "map_entity_spawn": "mining" },
		{ "x": "187", "y": "458", "map_entity_spawn": "mining" },
		{ "x": "301", "y": "458", "map_entity_spawn": "herbalism" },
		{ "x": "682", "y": "459", "entity": "default_chest", "map_entity_spawn": "default_chest" },
		{ "x": "204", "y": "460", "map_entity_spawn": "mining" },
		{ "x": "685", "y": "462", "map_entity_spawn": "mining" },
		{ "x": "913", "y": "462", "map_entity_spawn": "herbalism" },
		{ "x": "567", "y": "464", "map_entity_spawn": "herbalism" },
		{ "x": "190", "y": "468", "entity": "bonfire", "map_entity_spawn": "bonfire" },
		{ "x": "706", "y": "469", "map_entity_spawn": "herbalism" },
		{ "x": "484", "y": "470", "map_entity_spawn": "herbalism" },
		{ "x": "142", "y": "471", "map_entity_spawn": "mining" },
		{ "x": "616", "y": "471", "entity": "bonfire", "map_entity_spawn": "bonfire" },
		{ "x": "169", "y": "476", "map_entity_spawn": "herbalism" },
		{ "x": "533", "y": "476", "entity": "bonfire", "map_entity_spawn": "bonfire" },
		{ "x": "296", "y": "479", "entity": "holy_altar", "map_entity_spawn": "holy_altar" },
		{ "x": "321", "y": "479", "map_entity_spawn": "mining" },
		{ "x": "429", "y": "479", "entity": "bonfire", "map_entity_spawn": "bonfire" },
		{ "x": "268", "y": "480", "map_entity_spawn": "herbalism" },
		{ "x": "451", "y": "482", "map_entity_spawn": "herbalism" },
		{ "x": "286", "y": "484", "map_entity_spawn": "mining" },
		{ "x": "998", "y": "484", "map_entity_spawn": "mining" },
		{ "x": "297", "y": "486", "entity": "fireplace", "map_entity_spawn": "fireplace" },
		{ "x": "307", "y": "486", "map_entity_spawn": "mining" },
		{ "x": "293", "y": "488", "map_entity_spawn": "herbalism" },
		{ "x": "155", "y": "490", "map_entity_spawn": "herbalism" },
		{ "x": "971", "y": "490", "map_entity_spawn": "mining" },
		{ "x": "379", "y": "491", "entity": "anvil", "map_entity_spawn": "anvil" },
		{ "x": "403", "y": "491", "map_entity_spawn": "herbalism" },
		{ "x": "619", "y": "491", "map_entity_spawn": "mining" },
		{ "x": "229", "y": "492", "map_entity_spawn": "herbalism" },
		{ "x": "373", "y": "494", "entity": "furnace", "map_entity_spawn": "furnace" },
		{ "x": "1016", "y": "496", "entity": "default_chest", "map_entity_spawn": "default_chest" },
		{ "x": "968", "y": "497", "map_entity_spawn": "herbalism" },
		{ "x": "159", "y": "498", "entity": "fireplace", "map_entity_spawn": "fireplace" },
		{ "x": "714", "y": "500", "map_entity_spawn": "mining" },
		{ "x": "1026", "y": "503", "map_entity_spawn": "mining" },
		{ "x": "467", "y": "505", "map_entity_spawn": "herbalism" },
		{ "x": "950", "y": "505", "entity": "default_chest", "map_entity_spawn": "default_chest" },
		{ "x": "250", "y": "506", "map_entity_spawn": "herbalism" },
		{ "x": "370", "y": "506", "entity": "fireplace", "map_entity_spawn": "fireplace" },
		{ "x": "497", "y": "506", "map_entity_spawn": "mining" },
		{ "x": "661", "y": "507", "entity": "spirit_stone", "map_entity_spawn": "spirit_stone" },
		{ "x": "719", "y": "507", "entity": "default_chest", "map_entity_spawn": "default_chest" },
		{ "x": "724", "y": "507", "map_entity_spawn": "herbalism" },
		{ "x": "954", "y": "509", "map_entity_spawn": "mining" },
		{ "x": "252", "y": "510", "entity": "bonfire", "map_entity_spawn": "bonfire" },
		{ "x": "654", "y": "510", "map_entity_spawn": "mining" },
		{ "x": "1007", "y": "511", "map_entity_spawn": "herbalism" },
		{ "x": "746", "y": "513", "map_entity_spawn": "herbalism" },
		{ "x": "1033", "y": "514", "map_entity_spawn": "mining" },
		{ "x": "555", "y": "515", "map_entity_spawn": "herbalism" },
		{ "x": "147", "y": "517", "entity": "fireplace", "map_entity_spawn": "fireplace" },
		{ "x": "404", "y": "517", "entity": "fireplace", "map_entity_spawn": "fireplace" },
		{ "x": "386", "y": "520", "entity": "stash", "map_entity_spawn": "stash" },
		{ "x": "170", "y": "522", "entity": "fireplace", "map_entity_spawn": "fireplace" },
		{ "x": "351", "y": "522", "entity": "underworld_shrine", "map_entity_spawn": "underworld_shrine" },
		{ "x": "340", "y": "523", "map_entity_spawn": "herbalism" },
		{ "x": "177", "y": "525", "entity": "fireplace", "map_entity_spawn": "fireplace" },
		{ "x": "632", "y": "525", "map_entity_spawn": "mining" },
		{ "x": "176", "y": "526", "entity": "stash", "map_entity_spawn": "stash" },
		{ "x": "186", "y": "526", "entity": "fireplace", "map_entity_spawn": "fireplace" },
		{ "x": "205", "y": "526", "entity": "fireplace", "map_entity_spawn": "fireplace" },
		{ "x": "579", "y": "527", "map_entity_spawn": "herbalism" },
		{ "x": "956", "y": "527", "map_entity_spawn": "herbalism" },
		{ "x": "159", "y": "528", "entity": "fireplace", "map_entity_spawn": "fireplace" },
		{ "x": "244", "y": "530", "map_entity_spawn": "herbalism" },
		{ "x": "286", "y": "530", "map_entity_spawn": "herbalism" },
		{ "x": "873", "y": "531", "entity": "bonfire", "map_entity_spawn": "bonfire" },
		{ "x": "359", "y": "532", "map_entity_spawn": "mining" },
		{ "x": "203", "y": "534", "entity": "spirit_stone", "map_entity_spawn": "spirit_stone" },
		{ "x": "525", "y": "534", "map_entity_spawn": "herbalism" },
		{ "x": "484", "y": "535", "map_entity_spawn": "herbalism" },
		{ "x": "909", "y": "536", "map_entity_spawn": "herbalism" },
		{ "x": "328", "y": "537", "map_entity_spawn": "mining" },
		{ "x": "542", "y": "537", "map_entity_spawn": "herbalism" },
		{ "x": "943", "y": "537", "map_entity_spawn": "herbalism" },
		{ "x": "1005", "y": "537", "map_entity_spawn": "herbalism" },
		{ "x": "158", "y": "538", "entity": "fireplace", "map_entity_spawn": "fireplace" },
		{ "x": "366", "y": "539", "map_entity_spawn": "herbalism" },
		{ "x": "610", "y": "542", "map_entity_spawn": "mining" },
		{ "x": "594", "y": "544", "map_entity_spawn": "herbalism" },
		{ "x": "685", "y": "544", "entity": "bonfire", "map_entity_spawn": "bonfire" },
		{ "x": "731", "y": "544", "map_entity_spawn": "herbalism" },
		{ "x": "400", "y": "546", "entity": "spirit_stone", "map_entity_spawn": "spirit_stone" },
		{ "x": "157", "y": "547", "entity": "furnace", "map_entity_spawn": "furnace" },
		{ "x": "159", "y": "547", "entity": "anvil", "map_entity_spawn": "anvil" },
		{ "x": "609", "y": "547", "map_entity_spawn": "herbalism" },
		{ "x": "794", "y": "548", "entity": "fireplace", "map_entity_spawn": "fireplace" },
		{ "x": "876", "y": "550", "entity": "bonfire", "map_entity_spawn": "bonfire" },
		{ "x": "868", "y": "551", "entity": "bonfire", "map_entity_spawn": "bonfire" },
		{ "x": "484", "y": "552", "entity": "bonfire", "map_entity_spawn": "bonfire" },
		{ "x": "332", "y": "553", "map_entity_spawn": "herbalism" },
		{ "x": "925", "y": "553", "entity": "default_chest", "map_entity_spawn": "default_chest" },
		{ "x": "793", "y": "555", "entity": "spirit_stone", "map_entity_spawn": "spirit_stone" },
		{ "x": "725", "y": "558", "map_entity_spawn": "mining" },
		{ "x": "922", "y": "558", "map_entity_spawn": "herbalism" },
		{ "x": "262", "y": "560", "map_entity_spawn": "herbalism" },
		{ "x": "291", "y": "560", "map_entity_spawn": "mining" },
		{ "x": "788", "y": "560", "entity": "stash", "map_entity_spawn": "stash" },
		{ "x": "451", "y": "562", "map_entity_spawn": "mining" },
		{ "x": "647", "y": "562", "entity": "holy_altar", "map_entity_spawn": "holy_altar" },
		{ "x": "661", "y": "562", "map_entity_spawn": "herbalism" },
		{ "x": "670", "y": "564", "map_entity_spawn": "mining" },
		{ "x": "792", "y": "566", "entity": "mailbox", "map_entity_spawn": "mailbox" },
		{ "x": "481", "y": "567", "map_entity_spawn": "herbalism" },
		{ "x": "614", "y": "573", "entity": "bonfire", "map_entity_spawn": "bonfire" },
		{ "x": "520", "y": "574", "map_entity_spawn": "herbalism" },
		{ "x": "776", "y": "574", "map_entity_spawn": "herbalism" },
		{ "x": "1001", "y": "576", "map_entity_spawn": "herbalism" },
		{ "x": "251", "y": "578", "map_entity_spawn": "herbalism" },
		{ "x": "488", "y": "578", "map_entity_spawn": "mining" },
		{ "x": "920", "y": "578", "map_entity_spawn": "herbalism" },
		{ "x": "917", "y": "579", "entity": "bonfire", "map_entity_spawn": "bonfire" },
		{ "x": "578", "y": "580", "entity": "spirit_stone", "map_entity_spawn": "spirit_stone" },
		{ "x": "701", "y": "581", "map_entity_spawn": "herbalism" },
		{ "x": "371", "y": "582", "map_entity_spawn": "mining" },
		{ "x": "298", "y": "583", "entity": "fireplace", "map_entity_spawn": "fireplace" },
		{ "x": "984", "y": "583", "entity": "spirit_stone", "map_entity_spawn": "spirit_stone" },
		{ "x": "586", "y": "585", "entity": "fireplace", "map_entity_spawn": "fireplace" },
		{ "x": "174", "y": "587", "map_entity_spawn": "herbalism" },
		{ "x": "391", "y": "587", "map_entity_spawn": "herbalism" },
		{ "x": "454", "y": "589", "entity": "underworld_shrine", "map_entity_spawn": "underworld_shrine" },
		{ "x": "925", "y": "591", "entity": "bonfire", "map_entity_spawn": "bonfire" },
		{ "x": "444", "y": "595", "entity": "bonfire", "map_entity_spawn": "bonfire" },
		{ "x": "531", "y": "596", "map_entity_spawn": "herbalism" },
		{ "x": "322", "y": "599", "map_entity_spawn": "mining" },
		{ "x": "709", "y": "599", "map_entity_spawn": "mining" },
		{ "x": "208", "y": "600", "entity": "bonfire", "map_entity_spawn": "bonfire" },
		{ "x": "239", "y": "600", "map_entity_spawn": "herbalism" },
		{ "x": "1043", "y": "600", "map_entity_spawn": "mining" },
		{ "x": "173", "y": "602", "map_entity_spawn": "mining" },
		{ "x": "802", "y": "602", "map_entity_spawn": "herbalism" },
		{ "x": "470", "y": "603", "map_entity_spawn": "mining" },
		{ "x": "480", "y": "603", "map_entity_spawn": "herbalism" },
		{ "x": "307", "y": "605", "entity": "underworld_shrine", "map_entity_spawn": "underworld_shrine" },
		{ "x": "329", "y": "606", "map_entity_spawn": "herbalism" },
		{ "x": "437", "y": "606", "map_entity_spawn": "mining" },
		{ "x": "363", "y": "608", "map_entity_spawn": "herbalism" },
		{ "x": "646", "y": "608", "map_entity_spawn": "herbalism" },
		{ "x": "202", "y": "609", "map_entity_spawn": "mining" },
		{ "x": "368", "y": "609", "entity": "bonfire", "map_entity_spawn": "bonfire" },
		{ "x": "708", "y": "609", "entity": "underworld_shrine", "map_entity_spawn": "underworld_shrine" },
		{ "x": "186", "y": "612", "map_entity_spawn": "mining" },
		{ "x": "302", "y": "612", "map_entity_spawn": "mining" },
		{ "x": "769", "y": "612", "entity": "fireplace", "map_entity_spawn": "fireplace" },
		{ "x": "295", "y": "613", "entity": "bonfire", "map_entity_spawn": "bonfire" },
		{ "x": "479", "y": "613", "entity": "bonfire", "map_entity_spawn": "bonfire" },
		{ "x": "152", "y": "614", "entity": "holy_altar", "map_entity_spawn": "holy_altar" },
		{ "x": "296", "y": "614", "entity": "default_chest", "map_entity_spawn": "default_chest" },
		{ "x": "296", "y": "616", "map_entity_spawn": "herbalism" },
		{ "x": "445", "y": "618", "map_entity_spawn": "herbalism" },
		{ "x": "953", "y": "618", "map_entity_spawn": "herbalism" },
		{ "x": "222", "y": "619", "map_entity_spawn": "mining" },
		{ "x": "793", "y": "619", "entity": "fireplace", "map_entity_spawn": "fireplace" },
		{ "x": "269", "y": "621", "map_entity_spawn": "mining" },
		{ "x": "708", "y": "621", "map_entity_spawn": "herbalism" },
		{ "x": "732", "y": "621", "map_entity_spawn": "herbalism" },
		{ "x": "408", "y": "622", "entity": "bonfire", "map_entity_spawn": "bonfire" },
		{ "x": "573", "y": "622", "entity": "bonfire", "map_entity_spawn": "bonfire" },
		{ "x": "1031", "y": "622", "map_entity_spawn": "herbalism" },
		{ "x": "366", "y": "623", "map_entity_spawn": "herbalism" },
		{ "x": "382", "y": "623", "map_entity_spawn": "mining" },
		{ "x": "852", "y": "623", "map_entity_spawn": "herbalism" },
		{ "x": "487", "y": "625", "map_entity_spawn": "mining" },
		{ "x": "443", "y": "626", "map_entity_spawn": "mining" },
		{ "x": "447", "y": "628", "entity": "bonfire", "map_entity_spawn": "bonfire" },
		{ "x": "799", "y": "629", "entity": "fireplace", "map_entity_spawn": "fireplace" },
		{ "x": "702", "y": "632", "map_entity_spawn": "mining" },
		{ "x": "493", "y": "633", "entity": "bonfire", "map_entity_spawn": "bonfire" },
		{ "x": "285", "y": "634", "map_entity_spawn": "mining" },
		{ "x": "382", "y": "638", "map_entity_spawn": "mining" },
		{ "x": "398", "y": "639", "entity": "bonfire", "map_entity_spawn": "bonfire" },
		{ "x": "309", "y": "640", "map_entity_spawn": "mining" },
		{ "x": "476", "y": "641", "entity": "bonfire", "map_entity_spawn": "bonfire" },
		{ "x": "950", "y": "641", "entity": "bonfire", "map_entity_spawn": "bonfire" },
		{ "x": "811", "y": "642", "entity": "underworld_shrine", "map_entity_spawn": "underworld_shrine" },
		{ "x": "500", "y": "644", "map_entity_spawn": "mining" },
		{ "x": "474", "y": "645", "map_entity_spawn": "mining" },
		{ "x": "651", "y": "645", "map_entity_spawn": "mining" },
		{ "x": "487", "y": "646", "map_entity_spawn": "herbalism" },
		{ "x": "374", "y": "647", "map_entity_spawn": "herbalism" },
		{ "x": "827", "y": "647", "entity": "bonfire", "map_entity_spawn": "bonfire" },
		{ "x": "269", "y": "650", "map_entity_spawn": "mining" },
		{ "x": "442", "y": "650", "entity": "bonfire", "map_entity_spawn": "bonfire" },
		{ "x": "480", "y": "650", "entity": "bonfire", "map_entity_spawn": "bonfire" },
		{ "x": "259", "y": "652", "entity": "holy_altar", "map_entity_spawn": "holy_altar" },
		{ "x": "414", "y": "652", "map_entity_spawn": "herbalism" },
		{ "x": "480", "y": "652", "entity": "default_chest", "map_entity_spawn": "default_chest" },
		{ "x": "452", "y": "653", "entity": "bonfire", "map_entity_spawn": "bonfire" },
		{ "x": "431", "y": "657", "map_entity_spawn": "mining" },
		{ "x": "1030", "y": "658", "map_entity_spawn": "mining" },
		{ "x": "851", "y": "660", "map_entity_spawn": "herbalism" },
		{ "x": "1024", "y": "660", "entity": "bonfire", "map_entity_spawn": "bonfire" },
		{ "x": "991", "y": "664", "entity": "bonfire", "map_entity_spawn": "bonfire" },
		{ "x": "540", "y": "665", "map_entity_spawn": "herbalism" },
		{ "x": "381", "y": "672", "map_entity_spawn": "mining" },
		{ "x": "399", "y": "676", "map_entity_spawn": "herbalism" },
		{ "x": "910", "y": "676", "map_entity_spawn": "herbalism" },
		{ "x": "434", "y": "677", "map_entity_spawn": "herbalism" },
		{ "x": "514", "y": "677", "map_entity_spawn": "herbalism" },
		{ "x": "279", "y": "681", "entity": "bonfire", "map_entity_spawn": "bonfire" },
		{ "x": "936", "y": "682", "entity": "holy_altar", "map_entity_spawn": "holy_altar" },
		{ "x": "457", "y": "683", "entity": "bonfire", "map_entity_spawn": "bonfire" },
		{ "x": "541", "y": "683", "entity": "bonfire", "map_entity_spawn": "bonfire" },
		{ "x": "187", "y": "684", "map_entity_spawn": "mining" },
		{ "x": "207", "y": "686", "map_entity_spawn": "herbalism" },
		{ "x": "263", "y": "687", "map_entity_spawn": "herbalism" },
		{ "x": "874", "y": "688", "map_entity_spawn": "herbalism" },
		{ "x": "477", "y": "690", "entity": "bonfire", "map_entity_spawn": "bonfire" },
		{ "x": "529", "y": "691", "entity": "bonfire", "map_entity_spawn": "bonfire" },
		{ "x": "550", "y": "693", "entity": "bonfire", "map_entity_spawn": "bonfire" },
		{ "x": "536", "y": "695", "entity": "bonfire", "map_entity_spawn": "bonfire" },
		{ "x": "807", "y": "695", "map_entity_spawn": "mining" },
		{ "x": "396", "y": "697", "entity": "holy_altar", "map_entity_spawn": "holy_altar" },
		{ "x": "543", "y": "697", "map_entity_spawn": "mining" },
		{ "x": "425", "y": "701", "map_entity_spawn": "herbalism" },
		{ "x": "402", "y": "705", "map_entity_spawn": "herbalism" },
		{ "x": "341", "y": "706", "map_entity_spawn": "mining" },
		{ "x": "476", "y": "706", "entity": "spirit_stone", "map_entity_spawn": "spirit_stone" },
		{ "x": "898", "y": "706", "map_entity_spawn": "mining" },
		{ "x": "698", "y": "708", "entity": "holy_altar", "map_entity_spawn": "holy_altar" },
		{ "x": "221", "y": "709", "map_entity_spawn": "herbalism" },
		{ "x": "414", "y": "713", "map_entity_spawn": "mining" },
		{ "x": "505", "y": "714", "map_entity_spawn": "mining" },
		{ "x": "579", "y": "718", "entity": "fireplace", "map_entity_spawn": "fireplace" },
		{ "x": "353", "y": "719", "map_entity_spawn": "herbalism" },
		{ "x": "521", "y": "719", "map_entity_spawn": "herbalism" },
		{ "x": "625", "y": "719", "map_entity_spawn": "mining" },
		{ "x": "660", "y": "722", "map_entity_spawn": "herbalism" },
		{ "x": "529", "y": "723", "map_entity_spawn": "mining" },
		{ "x": "740", "y": "723", "entity": "bonfire", "map_entity_spawn": "bonfire" },
		{ "x": "490", "y": "725", "map_entity_spawn": "herbalism" },
		{ "x": "745", "y": "729", "entity": "spirit_stone", "map_entity_spawn": "spirit_stone" },
		{ "x": "619", "y": "732", "map_entity_spawn": "mining" },
		{ "x": "715", "y": "733", "map_entity_spawn": "herbalism" },
		{ "x": "320", "y": "734", "map_entity_spawn": "herbalism" },
		{ "x": "883", "y": "736", "map_entity_spawn": "mining" },
		{ "x": "990", "y": "736", "entity": "bonfire", "map_entity_spawn": "bonfire" },
		{ "x": "498", "y": "740", "map_entity_spawn": "herbalism" },
		{ "x": "581", "y": "744", "entity": "bonfire", "map_entity_spawn": "bonfire" },
		{ "x": "486", "y": "747", "entity": "bonfire", "map_entity_spawn": "bonfire" },
		{ "x": "585", "y": "747", "map_entity_spawn": "mining" },
		{ "x": "542", "y": "749", "map_entity_spawn": "mining" },
		{ "x": "958", "y": "749", "map_entity_spawn": "mining" },
		{ "x": "544", "y": "753", "entity": "bonfire", "map_entity_spawn": "bonfire" },
		{ "x": "446", "y": "754", "map_entity_spawn": "herbalism" },
		{ "x": "548", "y": "755", "map_entity_spawn": "herbalism" },
		{ "x": "453", "y": "756", "entity": "underworld_shrine", "map_entity_spawn": "underworld_shrine" },
		{ "x": "681", "y": "756", "map_entity_spawn": "herbalism" },
		{ "x": "520", "y": "759", "map_entity_spawn": "herbalism" },
		{ "x": "917", "y": "764", "entity": "fireplace", "map_entity_spawn": "fireplace" },
		{ "x": "400", "y": "765", "map_entity_spawn": "herbalism" },
		{ "x": "361", "y": "767", "entity": "bonfire", "map_entity_spawn": "bonfire" },
		{ "x": "700", "y": "767", "entity": "bonfire", "map_entity_spawn": "bonfire" },
		{ "x": "573", "y": "768", "entity": "bonfire", "map_entity_spawn": "bonfire" },
		{ "x": "376", "y": "769", "map_entity_spawn": "herbalism" },
		{ "x": "600", "y": "769", "entity": "bonfire", "map_entity_spawn": "bonfire" },
		{ "x": "570", "y": "772", "map_entity_spawn": "herbalism" },
		{ "x": "746", "y": "773", "map_entity_spawn": "herbalism" },
		{ "x": "417", "y": "774", "map_entity_spawn": "herbalism" },
		{ "x": "818", "y": "774", "entity": "underworld_shrine", "map_entity_spawn": "underworld_shrine" },
		{ "x": "848", "y": "775", "map_entity_spawn": "herbalism" },
		{ "x": "447", "y": "776", "map_entity_spawn": "herbalism" },
		{ "x": "734", "y": "783", "entity": "bonfire", "map_entity_spawn": "bonfire" },
		{ "x": "797", "y": "783", "map_entity_spawn": "herbalism" },
		{ "x": "930", "y": "786", "map_entity_spawn": "herbalism" },
		{ "x": "949", "y": "792", "map_entity_spawn": "mining" },
		{ "x": "553", "y": "797", "entity": "bonfire", "map_entity_spawn": "bonfire" },
		{ "x": "624", "y": "798", "entity": "bonfire", "map_entity_spawn": "bonfire" },
		{ "x": "677", "y": "800", "map_entity_spawn": "mining" },
		{ "x": "814", "y": "805", "map_entity_spawn": "mining" },
		{ "x": "863", "y": "805", "map_entity_spawn": "herbalism" },
		{ "x": "567", "y": "812", "entity": "bonfire", "map_entity_spawn": "bonfire" },
		{ "x": "706", "y": "812", "entity": "bonfire", "map_entity_spawn": "bonfire" },
		{ "x": "585", "y": "815", "map_entity_spawn": "herbalism" },
		{ "x": "744", "y": "820", "map_entity_spawn": "herbalism" },
		{ "x": "936", "y": "824", "map_entity_spawn": "herbalism" },
		{ "x": "643", "y": "825", "map_entity_spawn": "herbalism" },
		{ "x": "885", "y": "840", "map_entity_spawn": "herbalism" },
		{ "x": "649", "y": "844", "map_entity_spawn": "mining" },
		{ "x": "644", "y": "861", "map_entity_spawn": "herbalism" },
		{ "x": "800", "y": "862", "map_entity_spawn": "herbalism" },
		{ "x": "559", "y": "863", "entity": "holy_altar", "map_entity_spawn": "holy_altar" },
		{ "x": "710", "y": "869", "map_entity_spawn": "herbalism" },
		{ "x": "614", "y": "871", "map_entity_spawn": "mining" },
		{ "x": "851", "y": "877", "map_entity_spawn": "herbalism" },
		{ "x": "832", "y": "879", "entity": "default_chest", "map_entity_spawn": "default_chest" },
		{ "x": "666", "y": "893", "map_entity_spawn": "herbalism" },
		{ "x": "921", "y": "894", "map_entity_spawn": "mining" },
		{ "x": "522", "y": "895", "entity": "default_chest", "map_entity_spawn": "default_chest" },
		{ "x": "895", "y": "895", "map_entity_spawn": "herbalism" },
		{ "x": "581", "y": "896", "map_entity_spawn": "herbalism" },
		{ "x": "727", "y": "905", "map_entity_spawn": "herbalism" },
		{ "x": "803", "y": "907", "map_entity_spawn": "herbalism" },
		{ "x": "636", "y": "908", "map_entity_spawn": "herbalism" },
		{ "x": "529", "y": "916", "map_entity_spawn": "herbalism" },
		{ "x": "859", "y": "920", "map_entity_spawn": "mining" },
		{ "x": "588", "y": "928", "map_entity_spawn": "mining" },
		{ "x": "700", "y": "934", "map_entity_spawn": "herbalism" },
		{ "x": "874", "y": "934", "map_entity_spawn": "herbalism" },
		{ "x": "651", "y": "937", "map_entity_spawn": "mining" },
		{ "x": "914", "y": "939", "entity": "underworld_shrine", "map_entity_spawn": "underworld_shrine" },
		{ "x": "1024", "y": "945", "map_entity_spawn": "mining" },
		{ "x": "761", "y": "950", "entity": "spirit_stone", "map_entity_spawn": "spirit_stone" },
		{ "x": "586", "y": "975", "entity": "bonfire", "map_entity_spawn": "bonfire" },
		{ "x": "685", "y": "993", "map_entity_spawn": "herbalism" },
		{ "x": "907", "y": "993", "map_entity_spawn": "herbalism" },
		{ "x": "845", "y": "998", "map_entity_spawn": "mining" }
	]
}
