{
	"map_x_size": 128,
	"map_y_size": 128,
	"points_of_interest":
	[
		{ "x": "92", "y": "29", "entity": "fireplace", "map_entity_spawn": "fireplace" },
		{ "x": "44", "y": "34", "entity": "fireplace", "map_entity_spawn": "fireplace" },
		{ "x": "57", "y": "34", "entity": "fireplace", "map_entity_spawn": "fireplace" },
		{ "x": "73", "y": "34", "entity": "fireplace", "map_entity_spawn": "fireplace" },
		{ "x": "72", "y": "42", "entity": "default_chest", "map_entity_spawn": "default_chest" },
		{ "x": "88", "y": "57", "entity": "fireplace", "map_entity_spawn": "fireplace" },
		{ "x": "87", "y": "62", "entity": "default_chest", "map_entity_spawn": "default_chest" },
		{ "x": "74", "y": "63", "entity": "fireplace", "map_entity_spawn": "fireplace" },
		{ "x": "62", "y": "84", "entity": "default_chest", "map_entity_spawn": "default_chest" }
	]
}
