{
	"map_x_size": 256,
	"map_y_size": 256,
	"points_of_interest":
	[
		{ "x": "73", "y": "13", "entity": "underworld_shrine", "map_entity_spawn": "underworld_shrine" },
		{ "x": "13", "y": "18", "entity": "holy_altar", "map_entity_spawn": "holy_altar" },
		{ "x": "38", "y": "46", "entity": "holy_altar", "map_entity_spawn": "holy_altar" },
		{ "x": "115", "y": "49", "entity": "bonfire", "map_entity_spawn": "bonfire" },
		{ "x": "64", "y": "52", "entity": "holy_altar", "map_entity_spawn": "holy_altar" },
		{ "x": "48", "y": "60", "entity": "underworld_shrine", "map_entity_spawn": "underworld_shrine" },
		{ "x": "95", "y": "72", "entity": "holy_altar", "map_entity_spawn": "holy_altar" },
		{ "x": "27", "y": "76", "entity": "underworld_shrine", "map_entity_spawn": "underworld_shrine" },
		{ "x": "77", "y": "80", "entity": "holy_altar", "map_entity_spawn": "holy_altar" },
		{ "x": "48", "y": "82", "entity": "holy_altar", "map_entity_spawn": "holy_altar" },
		{ "x": "99", "y": "95", "entity": "holy_altar", "map_entity_spawn": "holy_altar" },
		{ "x": "148", "y": "102", "entity": "holy_altar", "map_entity_spawn": "holy_altar" },
		{ "x": "69", "y": "109", "entity": "underworld_shrine", "map_entity_spawn": "underworld_shrine" },
		{ "x": "71", "y": "112", "entity": "holy_altar", "map_entity_spawn": "holy_altar" },
		{ "x": "113", "y": "113", "entity": "underworld_shrine", "map_entity_spawn": "underworld_shrine" },
		{ "x": "85", "y": "116", "entity": "underworld_shrine", "map_entity_spawn": "underworld_shrine" },
		{ "x": "128", "y": "118", "entity": "holy_altar", "map_entity_spawn": "holy_altar" },
		{ "x": "233", "y": "126", "entity": "holy_altar", "map_entity_spawn": "holy_altar" },
		{ "x": "167", "y": "128", "entity": "underworld_shrine", "map_entity_spawn": "underworld_shrine" },
		{ "x": "127", "y": "134", "entity": "underworld_shrine", "map_entity_spawn": "underworld_shrine" },
		{ "x": "91", "y": "137", "entity": "holy_altar", "map_entity_spawn": "holy_altar" },
		{ "x": "34", "y": "144", "entity": "bonfire", "map_entity_spawn": "bonfire" },
		{ "x": "110", "y": "146", "entity": "holy_altar", "map_entity_spawn": "holy_altar" },
		{ "x": "233", "y": "147", "entity": "underworld_shrine", "map_entity_spawn": "underworld_shrine" },
		{ "x": "191", "y": "150", "entity": "underworld_shrine", "map_entity_spawn": "underworld_shrine" },
		{ "x": "173", "y": "169", "entity": "holy_altar", "map_entity_spawn": "holy_altar" },
		{ "x": "106", "y": "174", "entity": "holy_altar", "map_entity_spawn": "holy_altar" },
		{ "x": "121", "y": "194", "entity": "underworld_shrine", "map_entity_spawn": "underworld_shrine" }
	]
}
